{
  "items": 4,
  "shapes": [
    {
      "type": "Rectangle",
      "color": -16776961,
      "x": 100,
      "width": 200,
      "y": 100,
      "height": 150
    },
    {
      "type": "Circle",
      "color": -16711936,
      "x": 40,
      "width": 300,
      "y": 70,
      "height": 350
    },
    {
      "type": "Line",
      "endy": 400,
      "endx": 400,
      "color": -65536,
      "x": 10,
      "y": 10
    },
    {
      "type": "Text",
      "color": -16711681,
      "x": 40,
      "y": 300,
      "fontsize": 40,
      "text": "Háskólinn í Reykjavík",
      "fontname": "Garamond"
    }
  ]
}
